{"cameraMode":{"drawMode":0,"name":"Shaded","section":"Shading Mode"},"sceneLighting":true,"audioPlay":false,"sceneViewState":{"showFog":true,"showMaterialUpdate":true,"showSkybox":true,"showFlares":true,"showImageEffects":true,"showParticleSystems":true},"in2DMode":false,"pivot":{"x":1.1809346675872803,"y":-0.6328470706939697,"z":-0.21321964263916017},"rotation":{"x":0.22902622818946839,"y":0.043206311762332919,"z":-0.01017612125724554,"w":0.9724076986312866},"size":20.819618225097658,"orthographic":false}