{"cameraMode":{"drawMode":0,"name":"Shaded","section":"Shading Mode"},"sceneLighting":true,"audioPlay":false,"sceneViewState":{"showFog":true,"showMaterialUpdate":true,"showSkybox":true,"showFlares":true,"showImageEffects":true,"showParticleSystems":true},"in2DMode":false,"pivot":{"x":1.3397412300109864,"y":4.319248199462891,"z":-1.0418829917907715},"rotation":{"x":0.3680435121059418,"y":-0.19314409792423249,"z":0.07843869924545288,"w":0.9061384201049805},"size":10.849369049072266,"orthographic":false}