{"cameraMode":{"drawMode":0,"name":"Shaded","section":"Shading Mode"},"sceneLighting":true,"audioPlay":false,"sceneViewState":{"showFog":true,"showMaterialUpdate":true,"showSkybox":true,"showFlares":true,"showImageEffects":true,"showParticleSystems":true},"in2DMode":false,"pivot":{"x":-0.9695408344268799,"y":6.31987190246582,"z":1.8158206939697266},"rotation":{"x":-0.41348356008529665,"y":0.011462477035820485,"z":-0.005225402303040028,"w":-0.9104244709014893},"size":25.752830505371095,"orthographic":false}