{"cameraMode":{"drawMode":0,"name":"Shaded","section":"Shading Mode"},"sceneLighting":true,"audioPlay":false,"sceneViewState":{"showFog":true,"showMaterialUpdate":true,"showSkybox":true,"showFlares":true,"showImageEffects":true,"showParticleSystems":true},"in2DMode":false,"pivot":{"x":-0.24496722221374513,"y":3.466825485229492,"z":-0.11336827278137207},"rotation":{"x":0.27060818672180178,"y":-0.4831724762916565,"z":0.160032257437706,"w":0.8171323537826538},"size":10.166837692260743,"orthographic":false}