{"cameraMode":{"drawMode":0,"name":"Shaded","section":"Shading Mode"},"sceneLighting":true,"audioPlay":false,"sceneViewState":{"showFog":true,"showMaterialUpdate":true,"showSkybox":true,"showFlares":true,"showImageEffects":true,"showParticleSystems":true},"in2DMode":false,"pivot":{"x":404.223388671875,"y":255.5546875,"z":16.15472412109375},"rotation":{"x":0.18670654296875,"y":-0.002953131450340152,"z":0.0005519317928701639,"w":0.9824111461639404},"size":621.71044921875,"orthographic":false}