{"cameraMode":{"drawMode":0,"name":"Shaded","section":"Shading Mode"},"sceneLighting":false,"audioPlay":false,"sceneViewState":{"showFog":true,"showMaterialUpdate":true,"showSkybox":true,"showFlares":true,"showImageEffects":true,"showParticleSystems":true},"in2DMode":false,"pivot":{"x":7.8757171630859379,"y":234.79367065429688,"z":-4.651503562927246},"rotation":{"x":-0.21169519424438477,"y":0.004978288430720568,"z":-0.0010965996189042926,"w":-0.9773224592208862},"size":754.4603271484375,"orthographic":false}