{"cameraMode":{"drawMode":0,"name":"Shaded","section":"Shading Mode"},"sceneLighting":true,"audioPlay":false,"sceneViewState":{"showFog":true,"showMaterialUpdate":true,"showSkybox":true,"showFlares":true,"showImageEffects":true,"showParticleSystems":true},"in2DMode":false,"pivot":{"x":1.4238293170928956,"y":5.332178592681885,"z":-1.1448616981506348},"rotation":{"x":-0.3869490921497345,"y":0.1597336381673813,"z":-0.06827206164598465,"w":-0.9055907130241394},"size":8.16682243347168,"orthographic":false}