{"cameraMode":{"drawMode":0,"name":"Shaded","section":"Shading Mode"},"sceneLighting":true,"audioPlay":false,"sceneViewState":{"showFog":true,"showMaterialUpdate":true,"showSkybox":true,"showFlares":true,"showImageEffects":true,"showParticleSystems":true},"in2DMode":false,"pivot":{"x":3.357780694961548,"y":3.957123279571533,"z":-1.3300809860229493},"rotation":{"x":-0.19250938296318055,"y":0.030018996447324754,"z":-0.00589307677000761,"w":-0.9808181524276733},"size":7.165205001831055,"orthographic":false}