{"cameraMode":{"drawMode":0,"name":"Shaded","section":"Shading Mode"},"sceneLighting":true,"audioPlay":false,"sceneViewState":{"showFog":true,"showMaterialUpdate":true,"showSkybox":true,"showFlares":true,"showImageEffects":true,"showParticleSystems":true},"in2DMode":false,"pivot":{"x":0.12489993870258331,"y":3.049032211303711,"z":-1.8982458114624024},"rotation":{"x":0.18670654296875,"y":-0.002953131450340152,"z":0.0005519317928701639,"w":0.9824111461639404},"size":7.300588130950928,"orthographic":false}