{"cameraMode":{"drawMode":0,"name":"Shaded","section":"Shading Mode"},"sceneLighting":true,"audioPlay":false,"sceneViewState":{"showFog":true,"showMaterialUpdate":true,"showSkybox":true,"showFlares":true,"showImageEffects":true,"showParticleSystems":true},"in2DMode":false,"pivot":{"x":-1.0676612854003907,"y":4.702455520629883,"z":-1.5552005767822266},"rotation":{"x":0.190205916762352,"y":0.016197703778743745,"z":-0.0031386169139295818,"w":0.981605589389801},"size":9.78403377532959,"orthographic":false}