{"cameraMode":{"drawMode":0,"name":"Shaded","section":"Shading Mode"},"sceneLighting":true,"audioPlay":false,"sceneViewState":{"showFog":true,"showMaterialUpdate":true,"showSkybox":true,"showFlares":true,"showImageEffects":true,"showParticleSystems":true},"in2DMode":false,"pivot":{"x":-1.897174596786499,"y":2.7241978645324709,"z":1.5560898780822755},"rotation":{"x":-0.2589240074157715,"y":0.4823131263256073,"z":-0.15173903107643128,"w":-0.8229870796203613},"size":9.728882789611817,"orthographic":false}