{"cameraMode":{"drawMode":0,"name":"Shaded","section":"Shading Mode"},"sceneLighting":true,"audioPlay":false,"sceneViewState":{"showFog":true,"showMaterialUpdate":true,"showSkybox":true,"showFlares":true,"showImageEffects":true,"showParticleSystems":true},"in2DMode":false,"pivot":{"x":3.437138795852661,"y":7.24638557434082,"z":0.2572738528251648},"rotation":{"x":-0.13437117636203767,"y":-0.3717947006225586,"z":0.05447520315647125,"w":-0.916921854019165},"size":1.7306594848632813,"orthographic":false}