{"cameraMode":{"drawMode":0,"name":"Shaded","section":"Shading Mode"},"sceneLighting":true,"audioPlay":false,"sceneViewState":{"showFog":true,"showMaterialUpdate":true,"showSkybox":true,"showFlares":true,"showImageEffects":true,"showParticleSystems":true},"in2DMode":false,"pivot":{"x":1.3535583019256592,"y":1.0725822448730469,"z":-0.06482481956481934},"rotation":{"x":-0.5290977954864502,"y":0.36365315318107607,"z":-0.2678290903568268,"w":-0.7183867692947388},"size":14.064056396484375,"orthographic":false}