{"cameraMode":{"drawMode":0,"name":"Shaded","section":"Shading Mode"},"sceneLighting":false,"audioPlay":false,"sceneViewState":{"showFog":true,"showMaterialUpdate":true,"showSkybox":true,"showFlares":true,"showImageEffects":true,"showParticleSystems":true},"in2DMode":false,"pivot":{"x":-81.30872344970703,"y":-10.768548011779786,"z":-55.4866943359375},"rotation":{"x":-0.044983841478824618,"y":-0.005713185761123896,"z":0.0002541014109738171,"w":-0.9989713430404663},"size":131.91944885253907,"orthographic":false}