{"cameraMode":{"drawMode":0,"name":"Shaded","section":"Shading Mode"},"sceneLighting":true,"audioPlay":false,"sceneViewState":{"showFog":true,"showMaterialUpdate":true,"showSkybox":true,"showFlares":true,"showImageEffects":true,"showParticleSystems":true},"in2DMode":false,"pivot":{"x":1.1482298374176026,"y":5.134884834289551,"z":-1.830683708190918},"rotation":{"x":-0.24669227004051209,"y":0.018021272495388986,"z":-0.00458829989656806,"w":-0.9689154624938965},"size":13.874856948852539,"orthographic":false}