{"cameraMode":{"drawMode":0,"name":"Shaded","section":"Shading Mode"},"sceneLighting":true,"audioPlay":false,"sceneViewState":{"showFog":true,"showMaterialUpdate":true,"showSkybox":true,"showFlares":true,"showImageEffects":true,"showParticleSystems":true},"in2DMode":false,"pivot":{"x":3.601841449737549,"y":11.961688995361329,"z":-0.1088266372680664},"rotation":{"x":-0.07335204631090164,"y":-0.9265510439872742,"z":0.2537482678890228,"w":-0.26783299446105959},"size":12.29611873626709,"orthographic":false}