{"cameraMode":{"drawMode":0,"name":"Shaded","section":"Shading Mode"},"sceneLighting":true,"audioPlay":false,"sceneViewState":{"showFog":true,"showMaterialUpdate":true,"showSkybox":true,"showFlares":true,"showImageEffects":true,"showParticleSystems":true},"in2DMode":false,"pivot":{"x":3.3088648319244386,"y":7.225337982177734,"z":-0.2926139831542969},"rotation":{"x":-0.09733838587999344,"y":-0.011664574965834618,"z":0.0011364128440618516,"w":-0.9951823353767395},"size":8.370573043823243,"orthographic":false}