{"cameraMode":{"drawMode":0,"name":"Shaded","section":"Shading Mode"},"sceneLighting":true,"audioPlay":false,"sceneViewState":{"showFog":true,"showMaterialUpdate":true,"showSkybox":true,"showFlares":true,"showImageEffects":true,"showParticleSystems":true},"in2DMode":false,"pivot":{"x":-2.309429407119751,"y":3.736246109008789,"z":0.3460845947265625},"rotation":{"x":-0.2231111079454422,"y":-0.00264852587133646,"z":0.000616277742665261,"w":-0.9747892618179321},"size":27.780887603759767,"orthographic":false}