{"cameraMode":{"drawMode":0,"name":"Shaded","section":"Shading Mode"},"sceneLighting":false,"audioPlay":false,"sceneViewState":{"showFog":true,"showMaterialUpdate":true,"showSkybox":true,"showFlares":true,"showImageEffects":true,"showParticleSystems":true},"in2DMode":false,"pivot":{"x":-0.027964428067207338,"y":0.5846584439277649,"z":0.014953136444091797},"rotation":{"x":-0.03598454222083092,"y":0.020075669512152673,"z":-0.0007217924576252699,"w":-0.9991504549980164},"size":2.8125240802764894,"orthographic":false}