{"cameraMode":{"drawMode":0,"name":"Shaded","section":"Shading Mode"},"sceneLighting":false,"audioPlay":false,"sceneViewState":{"showFog":true,"showMaterialUpdate":true,"showSkybox":true,"showFlares":true,"showImageEffects":true,"showParticleSystems":true},"in2DMode":false,"pivot":{"x":0.3876957893371582,"y":0.36825332045555117,"z":0.15933838486671449},"rotation":{"x":0.12460128217935562,"y":-0.3890209496021271,"z":0.053192589432001117,"w":0.9112122654914856},"size":0.676596999168396,"orthographic":false}