{"cameraMode":{"drawMode":0,"name":"Shaded","section":"Shading Mode"},"sceneLighting":true,"audioPlay":false,"sceneViewState":{"showFog":true,"showMaterialUpdate":true,"showSkybox":true,"showFlares":true,"showImageEffects":true,"showParticleSystems":true},"in2DMode":false,"pivot":{"x":-0.7596311569213867,"y":2.464857578277588,"z":1.9593682289123536},"rotation":{"x":-0.2642439007759094,"y":0.3753046989440918,"z":-0.1125277727842331,"w":-0.88128262758255},"size":14.064056396484375,"orthographic":false}