{"cameraMode":{"drawMode":0,"name":"Shaded","section":"Shading Mode"},"sceneLighting":true,"audioPlay":false,"sceneViewState":{"showFog":true,"showMaterialUpdate":true,"showSkybox":true,"showFlares":true,"showImageEffects":true,"showParticleSystems":true},"in2DMode":false,"pivot":{"x":1.1142808198928834,"y":5.635880947113037,"z":-1.5589542388916016},"rotation":{"x":-0.24669227004051209,"y":0.018021272495388986,"z":-0.00458829989656806,"w":-0.9689154624938965},"size":13.412630081176758,"orthographic":false}