{"cameraMode":{"drawMode":0,"name":"Shaded","section":"Shading Mode"},"sceneLighting":false,"audioPlay":false,"sceneViewState":{"showFog":true,"showMaterialUpdate":true,"showSkybox":true,"showFlares":true,"showImageEffects":true,"showParticleSystems":true},"in2DMode":false,"pivot":{"x":0.11415650695562363,"y":0.11329667270183563,"z":-0.12571190297603608},"rotation":{"x":-0.23163267970085145,"y":0.11698027700185776,"z":-0.028075948357582094,"w":-0.9653360843658447},"size":0.08440760523080826,"orthographic":false}