{"cameraMode":{"drawMode":0,"name":"Shaded","section":"Shading Mode"},"sceneLighting":false,"audioPlay":false,"sceneViewState":{"showFog":true,"showMaterialUpdate":true,"showSkybox":true,"showFlares":true,"showImageEffects":true,"showParticleSystems":true},"in2DMode":false,"pivot":{"x":0.08568423986434937,"y":0.6509871482849121,"z":0.019719600677490236},"rotation":{"x":-0.17650949954986573,"y":0.4191533029079437,"z":-0.08343906700611115,"w":-0.8866751194000244},"size":0.7125243544578552,"orthographic":false}