{"cameraMode":{"drawMode":0,"name":"Shaded","section":"Shading Mode"},"sceneLighting":true,"audioPlay":false,"sceneViewState":{"showFog":true,"showMaterialUpdate":true,"showSkybox":true,"showFlares":true,"showImageEffects":true,"showParticleSystems":true},"in2DMode":false,"pivot":{"x":1.8350040912628174,"y":6.316121578216553,"z":2.462803602218628},"rotation":{"x":-0.09808439016342163,"y":-0.12329669296741486,"z":0.012238029390573502,"w":-0.9874348640441895},"size":4.723243713378906,"orthographic":false}