{"cameraMode":{"drawMode":0,"name":"Shaded","section":"Shading Mode"},"sceneLighting":true,"audioPlay":false,"sceneViewState":{"showFog":true,"showMaterialUpdate":true,"showSkybox":true,"showFlares":true,"showImageEffects":true,"showParticleSystems":true},"in2DMode":false,"pivot":{"x":0.9860935211181641,"y":0.27742767333984377,"z":0.1872258186340332},"rotation":{"x":0.46235090494155886,"y":0.24540401995182038,"z":-0.1348554790019989,"w":0.8413219451904297},"size":8.12573528289795,"orthographic":false}