{"cameraMode":{"drawMode":0,"name":"Shaded","section":"Shading Mode"},"sceneLighting":true,"audioPlay":false,"sceneViewState":{"showFog":true,"showMaterialUpdate":true,"showSkybox":true,"showFlares":true,"showImageEffects":true,"showParticleSystems":true},"in2DMode":false,"pivot":{"x":0.5736918449401856,"y":4.327363967895508,"z":-0.06695127487182617},"rotation":{"x":0.3388577699661255,"y":-0.21735459566116334,"z":0.08076807856559754,"w":0.9118162989616394},"size":7.858344554901123,"orthographic":false}