{"cameraMode":{"drawMode":0,"name":"Shaded","section":"Shading Mode"},"sceneLighting":true,"audioPlay":false,"sceneViewState":{"showFog":true,"showMaterialUpdate":true,"showSkybox":true,"showFlares":true,"showImageEffects":true,"showParticleSystems":true},"in2DMode":false,"pivot":{"x":78.01878356933594,"y":132.07228088378907,"z":130.50155639648438},"rotation":{"x":0.25512269139289858,"y":-0.11338859051465988,"z":0.03014056757092476,"w":0.9597640633583069},"size":864.4285278320313,"orthographic":false}