{"cameraMode":{"drawMode":0,"name":"Shaded","section":"Shading Mode"},"sceneLighting":true,"audioPlay":false,"sceneViewState":{"showFog":true,"showMaterialUpdate":true,"showSkybox":true,"showFlares":true,"showImageEffects":true,"showParticleSystems":true},"in2DMode":false,"pivot":{"x":1.0257710218429566,"y":4.080410957336426,"z":1.133009910583496},"rotation":{"x":0.2775977551937103,"y":0.025933006778359414,"z":-0.007501792162656784,"w":0.9603180289268494},"size":15.800260543823243,"orthographic":false}