{"cameraMode":{"drawMode":0,"name":"Shaded","section":"Shading Mode"},"sceneLighting":true,"audioPlay":false,"sceneViewState":{"showFog":true,"showMaterialUpdate":true,"showSkybox":true,"showFlares":true,"showImageEffects":true,"showParticleSystems":true},"in2DMode":false,"pivot":{"x":-0.48461246490478518,"y":4.640622138977051,"z":-0.5064084529876709},"rotation":{"x":0.21356593072414399,"y":-0.4918430745601654,"z":0.12585021555423737,"w":0.8346506953239441},"size":18.139585494995118,"orthographic":false}