{"cameraMode":{"drawMode":0,"name":"Shaded","section":"Shading Mode"},"sceneLighting":true,"audioPlay":false,"sceneViewState":{"showFog":true,"showMaterialUpdate":true,"showSkybox":true,"showFlares":true,"showImageEffects":true,"showParticleSystems":true},"in2DMode":false,"pivot":{"x":420.33868408203127,"y":261.7378845214844,"z":29.7587890625},"rotation":{"x":-0.11257009208202362,"y":-0.003878161543980241,"z":0.00043955587898381054,"w":-0.9936361908912659},"size":719.805419921875,"orthographic":false}