{"cameraMode":{"drawMode":0,"name":"Shaded","section":"Shading Mode"},"sceneLighting":false,"audioPlay":false,"sceneViewState":{"showFog":true,"showMaterialUpdate":true,"showSkybox":true,"showFlares":true,"showImageEffects":true,"showParticleSystems":true},"in2DMode":false,"pivot":{"x":0.8720293045043945,"y":3.7444515228271486,"z":-0.008518218994140625},"rotation":{"x":-0.29489606618881228,"y":-0.07529347389936447,"z":0.023316780105233194,"w":-0.9522728323936462},"size":50.887168884277347,"orthographic":false}